{
    "accuracy": 0.8652395514780836,
    "precision": 0.8414989239144195,
    "recall": 0.9009216589861752,
    "f1": 0.8701970282123453,
    "confusion_matrix": [
        [
            6085,
            1252
        ],
        [
            731,
            6647
        ]
    ],
    "fpr": 0.17064195175139704,
    "tpr": 0.9009216589861752,
    "fnr": 0.09907834101382489
}